ID,Predicted
0,0.8394624
1,0.57346296
2,0.60245925
3,0.30734915
4,0.06531312
5,0.4338576
6,0.51730055
7,0.54989994
8,0.111524165
9,0.65599084
10,0.060623392
11,0.48504433
12,0.2598227
13,0.5120961
14,0.9731198
15,0.6141836
16,0.49951386
17,0.19056334
18,0.46108094
19,0.60257363
20,0.44340864
21,0.3888476
22,0.6853875
23,0.7484129
24,0.3641407
25,0.3719188
26,0.62710893
27,0.27537888
28,0.6633686
29,0.97752357
30,0.09379468
31,0.38421503
32,0.35539034
33,0.9231341
34,0.5722619
35,0.9649414
36,0.89339435
37,0.06496997
38,0.09133543
39,0.28058335
40,0.71632826
41,0.9064913
42,0.7426937
43,0.53571635
44,0.094652556
45,0.60028595
46,0.39267945
47,0.8292822
48,0.20937946
49,0.34200743
50,0.035115812
51,0.9402917
52,0.23974836
53,0.10654847
54,0.15047184
55,0.37700886
56,0.4534744
57,0.22001715
58,0.18615957
59,0.8790964
60,0.32090363
61,0.4118959
62,0.15436088
63,0.15167286
64,0.80291677
65,0.4247069
66,0.9108379
67,0.86079496
68,0.82013154
69,0.45581928
70,0.13891907
71,0.59256506
72,0.071032315
73,0.5076351
74,0.017843867
75,0.020589076
76,0.6313983
77,0.36711466
78,0.3169002
79,0.29671147
80,0.8847012
81,0.2738347
82,0.8173863
83,0.2741207
84,0.8267086
85,0.7556191
86,0.15384616
87,0.26079497
88,0.9331427
89,0.54040605
90,0.036488418
91,0.49739778
92,0.66908777
93,0.7390906
94,0.8877323
95,0.9351444
96,0.7885044
97,0.36991706
98,0.6145839
99,0.6562768
100,0.91175294
101,0.14972834
102,0.46354017
103,0.8211038
104,0.26039463
105,0.12976837
106,0.66394055
107,0.53497285
108,0.009722619
109,0.88721764
110,0.26651415
111,0.29122105
112,0.28550187
113,0.230998
114,0.85536176
115,0.21544181
116,0.50855017
117,0.49722618
118,0.4394624
119,0.23957679
120,0.24175008
121,0.104260795
122,0.53125536
123,0.19445239
124,0.13251358
125,0.18267086
126,0.96585643
127,0.4161853
128,0.39685446
129,0.3563626
130,0.10780669
131,0.5238204
132,0.6782957
133,0.589877
134,0.8332857
135,0.31604233
136,0.39468116
137,0.5794109
138,0.805662
139,0.077723764
140,0.24969974
141,0.94824135
142,0.42150414
143,0.843523
144,0.7775236
145,0.71386904
146,0.13994853
147,0.21670003
148,0.77866745
149,0.5752359
150,0.20760652
151,0.12484987
152,0.4929368
153,0.12239062
154,0.07738061
155,0.60331714
156,0.96362597
157,0.88115525
158,0.05513297
159,0.33405778
160,0.48001143
161,0.21452674
162,0.20200172
163,0.8232199
164,0.83677435
165,0.90174437
166,0.8693166
167,0.5688876
168,0.8999142
169,0.42768088
170,0.52793825
171,0.2428939
172,0.08401487
173,0.1218759
174,0.5330283
175,0.45661995
176,0.034601085
177,0.9595081
178,0.6456391
179,0.16740063
180,0.7900486
181,0.35470402
182,0.14864169
183,0.940692
184,0.43991992
185,0.052845296
186,0.03288533
187,0.4001144
188,0.38289964
189,0.50957966
190,0.6025164
191,0.29951388
192,0.80732054
193,0.6990563
194,0.6239062
195,0.06445525
196,0.55813557
197,0.43643123
198,0.46771517
199,0.20183013
200,0.97580785
201,0.9066629
202,0.014469545
203,0.20102945
204,0.7337718
205,0.23145553
206,0.87829566
207,0.25959393
208,0.42018872
209,0.50666285
210,0.3660852
211,0.8754933
212,0.031112382
213,0.256334
214,0.18112668
215,0.7250214
216,0.9633972
217,0.61870176
218,0.80720615
219,0.34132114
220,0.95830715
221,0.7598513
222,0.6280812
223,0.3147841
224,0.6576494
225,0.44844154
226,0.3464684
227,0.1359451
228,0.86291105
229,0.05416071
230,0.057020303
231,0.740692
232,0.63648844
233,0.9288533
234,0.35373178
235,0.21767229
236,0.97895336
237,0.35802117
238,0.18227051
239,0.38827565
240,0.24695453
241,0.21727195
242,0.9743208
243,0.29327995
244,0.3345725
245,0.9238776
246,0.7979411
247,0.687332
248,0.23763226
249,0.2120103
250,0.67858166
251,0.60892195
252,0.12027452
253,0.64340866
254,0.5711181
255,0.9219903
256,0.56654274
257,0.25661996
258,0.4371747
259,0.63414353
260,0.61801547
261,0.88207036
262,0.5808407
263,0.14206463
264,0.2563912
265,0.056334
266,0.24563912
267,0.34955677
268,0.1936517
269,0.27863884
270,0.5599085
271,0.91461253
272,0.1282242
273,0.46445525
274,0.30346012
275,0.4248213
276,0.81509864
277,0.888819
278,0.4020017
279,0.11655705
280,0.68601656
281,0.83986276
282,0.75624824
283,0.5578496
284,0.795539
285,0.75756365
286,0.31181014
287,0.61349726
288,0.4534744
289,0.68355733
290,0.32136115
291,0.3330855
292,0.86868745
293,0.22093223
294,0.80531883
295,0.15899342
296,0.18827567
297,0.28624535
298,0.5287389
299,0.16025165
300,0.75870746
301,0.8296826
302,0.79959965
303,0.49768373
304,0.3022019
305,0.795539
306,0.7730054
307,0.5202745
308,0.24380898
309,0.4379754
310,0.6571347
311,0.5608808
312,0.45301688
313,0.89911354
314,0.48350015
315,0.35030025
316,0.78581643
317,0.18621676
318,0.21721475
319,0.13068344
320,0.44392335
321,0.21938805
322,0.86148125
323,0.82487845
324,0.2668573
325,0.9224478
326,0.32988277
327,0.2288819
328,0.567515
329,0.2681727
330,0.39273664
331,0.4633686
332,0.16133828
333,0.81509864
334,0.044266514
335,0.7063197
336,0.7865599
337,0.23826137
338,0.75756365
339,0.6280812
340,0.52033174
341,0.8696597
342,0.8753789
343,0.089676864
344,0.32199028
345,0.46777236
346,0.46205318
347,0.12450672
348,0.17426366
349,0.46394053
350,0.67063195
351,0.5031741
352,0.2126394
353,0.23883328
354,0.3064341
355,0.21893051
356,0.98673147
357,0.5069488
358,0.5808979
359,0.8162997
360,0.64541036
361,0.16923077
362,0.7619674
363,0.6632542
364,0.42001715
365,0.48407206
366,0.7389191
367,0.5426366
368,0.31175295
369,0.9635116
370,0.83151275
371,0.17174721
372,0.4450672
373,0.22613668
374,0.7776952
375,0.36757222
376,0.9726051
377,0.41321132
378,0.90889335
379,0.6753217
380,0.8880183
381,0.78078353
382,0.98009723
383,0.42567915
384,0.88750356
385,0.26354018
386,0.61384046
387,0.27703747
388,0.8546754
389,0.72650844
390,0.2479268
391,0.46005148
392,0.5551616
393,0.35436088
394,0.20457534
395,0.7906777
396,0.41063768
397,0.7140406
398,0.6800686
399,0.12730913
400,0.5676866
401,0.48069775
402,0.8022305
403,0.09202173
404,0.30872175
405,0.39794108
406,0.65947956
407,0.9557907
408,0.24895625
409,0.6681727
410,0.51232487
411,0.16585645
412,0.09379468
413,0.77575064
414,0.16659994
415,0.8710895
416,0.036545612
417,0.29842722
418,0.8180726
419,0.66491276
420,0.84323704
421,0.5990849
422,0.42842436
423,0.5942236
424,0.8371747
425,0.2895625
426,0.52851015
427,0.37374893
428,0.49402344
429,0.00852159
430,0.883157
431,0.6884186
432,0.670346
433,0.5357735
434,0.4077209
435,0.72433513
436,0.32433516
437,0.9567629
438,0.3520732
439,0.14692594
440,0.3513869
441,0.022476409
442,0.17969689
443,0.29030597
444,0.56253934
445,0.11775808
446,0.19164999
447,0.80720615
448,0.09270804
449,0.93828994
450,0.3965113
451,0.9431513
452,0.873034
453,0.2774378
454,0.75670576
455,0.18049757
456,0.09831284
457,0.8718902
458,0.1035173
459,0.67068917
460,0.44175008
461,0.34458107
462,0.89139265
463,0.15887904
464,0.14378038
465,0.48126966
466,0.55315983
467,0.8256791
468,0.4788104
469,0.7024878
470,0.31730053
471,0.9145553
472,0.2148127
473,0.79285103
474,0.9629397
475,0.50111526
476,0.46348298
477,0.55664855
478,0.9311982
479,0.058964826
480,0.9582499
481,0.81212467
482,0.6601087
483,0.43728912
484,0.36722904
485,0.76082355
486,0.015098656
487,0.48424363
488,0.6414069
489,0.8009723
490,0.3154132
491,0.20394623
492,0.9813554
493,0.7124964
494,0.9371461
495,0.3929654
496,0.67297685
497,0.21521305
498,0.43191308
499,0.22573635
500,0.55499
501,0.31186733
502,0.71432656
503,0.9159851
504,0.13291393
505,0.38106948
506,0.66308266
507,0.7614527
508,0.17517872
509,0.9585931
510,0.5527595
511,0.31638548
512,0.6971118
513,0.7412639
514,0.71032315
515,0.41441235
516,0.22590792
517,0.9300543
518,0.10031456
519,0.34766942
520,0.29814127
521,0.89882755
522,0.08573063
523,0.23757507
524,0.71604234
525,0.18604518
526,0.20737775
527,0.21464112
528,0.79388046
529,0.5162711
530,0.8936231
531,0.9537318
532,0.31993136
533,0.8156134
534,0.42848155
535,0.090248786
536,0.9038032
537,0.63706034
538,0.8592508
539,0.61149555
540,0.9020875
541,0.38484415
542,0.2920789
543,0.22739491
544,0.39336574
545,0.6543895
546,0.15190163
547,0.79759794
548,0.9602516
549,0.23139834
550,0.5667715
551,0.95298827
552,0.8979125
553,0.8936231
554,0.27314842
555,0.78558767
556,0.15195882
557,0.34909922
558,0.943666
559,0.94034886
560,0.9275951
561,0.2669145
562,0.40869316
563,0.21029454
564,0.9471547
565,0.11043752
566,0.29825565
567,0.5625965
568,0.8763512
569,0.39988562
570,0.007949671
571,0.74315125
572,0.74681157
573,0.4829854
574,0.50797826
575,0.95756364
576,0.7787246
577,0.9345725
578,0.55739206
579,0.7887904
580,0.48567343
581,0.24878468
582,0.13251358
583,0.6175007
584,0.096997425
585,0.5551616
586,0.043465827
587,0.23322847
588,0.66651416
589,0.32067487
590,0.23059766
591,0.7387475
592,0.6394052
593,0.5190735
594,0.53325707
595,0.6913926
596,0.6654847
597,0.4922505
598,0.23128396
599,0.834887
600,0.19033457
601,0.25650558
602,0.93131256
603,0.32702315
604,0.858107
605,0.857821
606,0.65416074
607,0.84832716
608,0.40669146
609,0.8607378
610,0.7563626
611,0.14766943
612,0.62373465
613,0.37128967
614,0.30311695
615,0.4824707
616,0.5727767
617,0.5767229
618,0.9836431
619,0.39136404
620,0.7119245
621,0.2394052
622,0.8383186
623,0.7113526
624,0.902831
625,0.5118101
626,0.47995424
627,0.56425506
628,0.6165857
629,0.5841578
630,0.5112954
631,0.17380612
632,0.5091793
633,0.9241636
634,0.8546754
635,0.5882757
636,0.31649986
637,0.29185015
638,0.88304263
639,0.87343436
640,0.19267944
641,0.17140406
642,0.48830426
643,0.5732914
644,0.98198456
645,0.23854733
646,0.6954532
647,0.09642551
648,0.9816414
649,0.76745784
650,0.578839
651,0.4768659
652,0.6400343
653,0.15012868
654,0.42842436
655,0.4189305
656,0.6380326
657,0.13771804
658,0.43974835
659,0.03957678
660,0.3295396
661,0.5801544
662,0.6613097
663,0.3753503
664,0.41303974
665,0.42865312
666,0.521018
667,0.7366886
668,0.18959108
669,0.3219331
670,0.7111238
671,0.7241064
672,0.28355733
673,0.35115814
674,0.8032599
675,0.2747498
676,0.61349726
677,0.17163283
678,0.20394623
679,0.63923365
680,0.57071775
681,0.4746354
682,0.21275379
683,0.6662854
684,0.62287676
685,0.4957392
686,0.43397197
687,0.90586215
688,0.2803546
689,0.86222476
690,0.66216755
691,0.46811554
692,0.7655133
693,0.22567916
694,0.27863884
695,0.68761796
696,0.5004289
697,0.23488705
698,0.77575064
699,0.4189877
700,0.8878467
701,0.80062914
702,0.041807264
703,0.50265944
704,0.8915642
705,0.034543894
706,0.22270517
707,0.4851587
708,0.4168716
709,0.8448956
710,0.28984845
711,0.46233913
712,0.4730912
713,0.09585359
714,0.22939663
715,0.14395195
716,0.725193
717,0.29425222
718,0.69625396
719,0.5248499
720,0.1978839
721,0.4964255
722,0.3134115
723,0.8278524
724,0.93074065
725,0.66308266
726,0.35967973
727,0.44472405
728,0.10254504
729,0.5538462
730,0.61681443
731,0.013897627
732,0.6100086
733,0.6351158
734,0.79502434
735,0.31850156
736,0.66434085
737,0.7321704
738,0.33863312
739,0.67006004
740,0.17660852
741,0.6361453
742,0.43826136
743,0.9945668
744,0.31152415
745,0.39845583
746,0.118615955
747,0.005204461
748,0.5612811
749,0.10580497
750,0.44678295
751,0.6975694
752,0.3373749
753,0.33440092
754,0.5377752
755,0.9652845
756,0.0584501
757,0.42991135
758,0.36030883
759,0.4021161
760,0.25433227
761,0.3569917
762,0.56442666
763,0.075378895
764,0.5423506
765,0.5834144
766,0.32645124
767,0.63059765
768,0.5021447
769,0.8574206
770,0.3429225
771,0.305519
772,0.15670575
773,0.08492994
774,0.08693165
775,0.37311983
776,0.27337718
777,0.6195024
778,0.07698027
779,0.4365456
780,0.5689448
781,0.9324564
782,0.21281098
783,0.25473264
784,0.9527595
785,0.21086645
786,0.12050329
787,0.87486416
788,0.7140406
789,0.09116385
790,0.7357735
791,0.38227051
792,0.10288819
793,0.43145552
794,0.8591364
795,0.4844724
796,0.035687733
797,0.5410352
798,0.40091506
799,0.8648556
800,0.44672576
801,0.78267086
802,0.09613955
803,0.74744064
804,0.27961108
805,0.3000286
806,0.6621104
807,0.8006863
808,0.42150414
809,0.0908207
810,0.2851587
811,0.7965685
812,0.15647697
813,0.0049756933
814,0.6281384
815,0.30323133
816,0.60617673
817,0.67440665
818,0.91060907
819,0.2626823
820,0.833686
821,0.92296255
822,0.364827
823,0.6338004
824,0.6400343
825,0.116271086
826,0.7134687
827,0.87137544
828,0.83277094
829,0.09196454
830,0.61235344
831,0.80017155
832,0.5274807
833,0.23574492
834,0.71358305
835,0.007034601
836,0.85404634
837,0.034944236
838,0.5304547
839,0.635173
840,0.2796683
841,0.2937947
842,0.7455533
843,0.54772663
844,0.10220189
845,0.15641978
846,0.7191307
847,0.40114385
848,0.2718902
849,0.9416643
850,0.5715184
851,0.93891907
852,0.19319417
853,0.8741779
854,0.84569633
855,0.6253932
856,0.736803
857,0.9718044
858,0.5205605
859,0.4682871
860,0.19124964
861,0.6098942
862,0.51947385
863,0.4895053
864,0.44666857
865,0.46582785
866,0.8491278
867,0.75464684
868,0.495682
869,0.7349156
870,0.07331999
871,0.46319702
872,0.8918502
873,0.55247355
874,0.7811267
875,0.8604518
876,0.92067486
877,0.83477265
878,0.54692596
879,0.47206175
880,0.4549614
881,0.43711752
882,0.47160423
883,0.74257934
884,0.5991993
885,0.46108094
886,0.6197884
887,0.27995425
888,0.08138404
889,0.008006863
890,0.8330569
891,0.48910496
892,0.25764942
893,0.086988844
894,0.87360597
895,0.17294824
896,0.07274807
897,0.6796683
898,0.30992278
899,0.7593366
900,0.65456104
901,0.58696026
902,0.6247641
903,0.8208178
904,0.23763226
905,0.9833
906,0.27068916
907,0.5514441
908,0.36082357
909,0.34029168
910,0.6141836
911,0.101801544
912,0.27589363
913,0.36236775
914,0.45747784
915,0.5042608
916,0.57374895
917,0.83420074
918,0.69739777
919,0.16774379
920,0.2458679
921,0.13640264
922,0.62413496
923,0.12713754
924,0.45244494
925,0.31152415
926,0.24123535
927,0.4141836
928,0.45816413
929,0.68012583
930,0.47148985
931,0.3382328
932,0.45050043
933,0.60537606
934,0.44043466
935,0.67286247
936,0.026594223
937,0.30963683
938,0.24889906
939,0.6086932
940,0.9056334
941,0.77289104
942,0.2746926
943,0.40245926
944,0.38690305
945,0.6090363
946,0.75481844
947,0.052273378
948,0.642322
949,0.21670003
950,0.18953389
951,0.39662567
952,0.76316845
953,0.53954816
954,0.7976551
955,0.71993136
956,0.09745496
957,0.28281385
958,0.8869888
959,0.9175865
960,0.3520732
961,0.40960824
962,0.04072062
963,0.31015155
964,0.55796397
965,0.20697741
966,0.2570775
967,0.5752931
968,0.5224478
969,0.260509
970,0.5983414
971,0.7191307
972,0.69339436
973,0.93474406
974,0.030368887
975,0.67223334
976,0.5090649
977,0.45478982
978,0.5482414
979,0.36659995
980,0.35939378
981,0.10551902
982,0.20234486
983,0.60045755
984,0.34704033
985,0.45438948
986,0.6402059
987,0.4028024
988,0.023048326
989,0.45947954
990,0.20743494
991,0.28561625
992,0.049756933
993,0.63837576
994,0.8329997
995,0.9732914
996,0.4231055
997,0.41143838
998,0.30346012
999,0.74200743
1000,0.13291393
1001,0.6985988
1002,0.31878754
1003,0.40686303
1004,0.8424364
1005,0.082585074
1006,0.7794681
1007,0.28853303
1008,0.21635687
1009,0.33211324
1010,0.31718615
1011,0.62470686
1012,0.16854447
1013,0.73611665
1014,0.63362885
1015,0.091507
1016,0.47972548
1017,0.6230483
1018,0.14446668
1019,0.41841578
1020,0.5705462
1021,0.42281955
1022,0.20051473
1023,0.09173577
1024,0.18398628
1025,0.50872177
1026,0.9728339
1027,0.099170715
1028,0.82270515
1029,0.51329714
1030,0.17758079
1031,0.21870175
1032,0.39239347
1033,0.19845583
1034,0.40091506
1035,0.53222764
1036,0.20325993
1037,0.15933657
1038,0.6859022
1039,0.83362883
1040,0.20783529
1041,0.63259935
1042,0.93125534
1043,0.8474693
1044,0.7750071
1045,0.850386
1046,0.9710037
1047,0.5104947
1048,0.104375176
1049,0.075722046
1050,0.5735202
1051,0.03751787
1052,0.8443237
1053,0.7048899
1054,0.6140692
1055,0.42579353
1056,0.039977122
1057,0.22259079
1058,0.35470402
1059,0.31712896
1060,0.8875608
1061,0.055876464
1062,0.29385188
1063,0.5290249
1064,0.28292823
1065,0.40297398
1066,0.8810981
1067,0.50094366
1068,0.8439234
1069,0.5767229
1070,0.97712326
1071,0.61321133
1072,0.4549614
1073,0.75579065
1074,0.3352016
1075,0.44237918
1076,0.9091221
1077,0.51444095
1078,0.52502143
1079,0.8473549
1080,0.51615673
1081,0.4135545
1082,0.85336
1083,0.4928224
1084,0.36637118
1085,0.8368888
1086,0.36854446
1087,0.36985987
1088,0.8952817
1089,0.68613094
1090,0.31587073
1091,0.014355161
1092,0.3774664
1093,0.90929365
1094,0.13966256
1095,0.08567344
1096,0.8127538
1097,0.36562768
1098,0.60674864
1099,0.7429225
1100,0.37975407
1101,0.86937374
1102,0.18329997
1103,0.13811839
1104,0.21504146
1105,0.035744924
1106,0.1936517
1107,0.10980841
1108,0.73983413
1109,0.93503004
1110,0.038604517
1111,0.60034317
1112,0.60160136
1113,0.5780955
1114,0.58490133
1115,0.29871318
1116,0.7352588
1117,0.20949385
1118,0.3500143
1119,0.34532458
1120,0.36025164
1121,0.5294252
1122,0.3014584
1123,0.77449244
1124,0.6105805
1125,0.08847584
1126,0.37237632
1127,0.6585073
1128,0.27148986
1129,0.874521
1130,0.28418645
1131,0.7629397
1132,0.51312554
1133,0.027966829
1134,0.38758937
1135,0.32559335
1136,0.8572491
1137,0.4712039
1138,0.4506148
1139,0.94114953
1140,0.637861
1141,0.7217615
1142,0.45862168
1143,0.8391764
1144,0.28470117
1145,0.4444953
1146,0.5246783
1147,0.6207607
1148,0.88189876
1149,0.3635116
1150,0.89408064
1151,0.22213326
1152,0.2028596
1153,0.1767229
1154,0.74692595
1155,0.3401773
1156,0.59267944
1157,0.4402631
1158,0.7951387
1159,0.20274521
1160,0.3373177
1161,0.18999141
1162,0.8266514
1163,0.3589934
1164,0.33291394
1165,0.9571061
1166,0.8299686
1167,0.91575634
1168,0.23265657
1169,0.45027167
1170,0.968716
1171,0.9970832
1172,0.37071776
1173,0.912954
1174,0.51501286
1175,0.149328
1176,0.44152132
1177,0.3688304
1178,0.9309122
1179,0.070860736
1180,0.121532746
1181,0.7261653
1182,0.7895339
1183,0.7897627
1184,0.29144982
1185,0.285845
1186,0.9040892
1187,0.9681441
1188,0.52307695
1189,0.40817845
1190,0.60680586
1191,0.51140976
1192,0.29316556
1193,0.75607663
1194,0.73771805
1195,0.17077495
1196,0.5012868
1197,0.98358595
1198,0.37094653
1199,0.60463256
1200,0.06943094
1201,0.59010583
1202,0.6160709
1203,0.48698884
1204,0.80897915
1205,0.1993137
1206,0.5126108
1207,0.35333142
1208,0.7432656
1209,0.7711181
1210,0.46496996
1211,0.3635116
1212,0.91781527
1213,0.73760366
1214,0.23277095
1215,0.24409494
1216,0.09756935
1217,0.23054047
1218,0.72553617
1219,0.15716328
1220,0.78638834
1221,0.29682586
1222,0.63923365
1223,0.37443522
1224,0.5661424
1225,0.67972547
1226,0.67995423
1227,0.09139262
1228,0.29551044
1229,0.6272233
1230,0.9301115
1231,0.34137833
1232,0.22367744
1233,0.26725766
1234,0.099571064
1235,0.9571061
1236,0.66851586
1237,0.5957678
1238,0.7054618
1239,0.18238491
1240,0.01675722
1241,0.2472405
1242,0.5502431
1243,0.5907349
1244,0.61767226
1245,0.8594224
1246,0.2626251
1247,0.1689448
1248,0.41218188
1249,0.752302
1250,0.4385473
1251,0.8260795
1252,0.18547326
1253,0.37689447
1254,0.6569631
1255,0.1577352
1256,0.4288247
1257,0.8882471
1258,0.21298255
1259,0.9583643
1260,0.08573063
1261,0.91232485
1262,0.25324565
1263,0.64049184
1264,0.17266229
1265,0.3520732
1266,0.20371747
1267,0.0052616526
1268,0.29533887
1269,0.6361453
1270,0.44678295
1271,0.79645413
1272,0.26028025
1273,0.50523305
1274,0.082756646
1275,0.92656565
1276,0.42688018
1277,0.066228196
1278,0.9900486
1279,0.39977124
1280,0.7162139
1281,0.9246211
1282,0.6048041
1283,0.48647413
1284,0.5277095
1285,0.051587075
1286,0.9219903
1287,0.43271375
1288,0.03563054
1289,0.81241065
1290,0.62933946
1291,0.29779813
1292,0.9163855
1293,0.5926222
1294,0.7118101
1295,0.45959395
1296,0.1851301
1297,0.39416644
1298,0.33954817
1299,0.35298827
1300,0.92467827
1301,0.07858164
1302,0.9833
1303,0.002802402
1304,0.8037175
1305,0.30877894
1306,0.91432655
1307,0.9478982
1308,0.3780955
1309,0.2662854
1310,0.696883
1311,0.62848157
1312,0.4931084
1313,0.3894767
1314,0.23929082
1315,0.27715185
1316,0.42424935
1317,0.65398914
1318,0.20057192
1319,0.8893337
1320,0.11060909
1321,0.49053475
1322,0.23540178
1323,0.104375176
1324,0.62756646
1325,0.67240494
1326,0.39519587
1327,0.43826136
1328,0.8668573
1329,0.72250503
1330,0.97649413
1331,0.07600801
1332,0.0045181583
1333,0.06965971
1334,0.92982554
1335,0.83048326
1336,0.7900486
1337,0.20394623
1338,0.30900773
1339,0.6347155
1340,0.595825
1341,0.3091793
1342,0.80897915
1343,0.53279954
1344,0.47240493
1345,0.5066057
1346,0.62487847
1347,0.78696024
1348,0.39691165
1349,0.9639691
1350,0.4985416
1351,0.33949098
1352,0.514155
1353,0.5991993
1354,0.69402343
1355,0.7879325
1356,0.22556476
1357,0.4146411
1358,0.83969116
1359,0.14023449
1360,0.3388047
1361,0.3414927
1362,0.5908493
1363,0.24512438
1364,0.016356878
1365,0.2965399
1366,0.3365742
1367,0.863483
1368,0.80017155
1369,0.90031457
1370,0.93617386
1371,0.07663712
1372,0.44432372
1373,0.714155
1374,0.17306262
1375,0.9040892
1376,0.23694596
1377,0.93617386
1378,0.41098085
1379,0.8650272
1380,0.10357449
1381,0.24695453
1382,0.41006577
1383,0.63191307
1384,0.367515
1385,0.5614527
1386,0.9504718
1387,0.30117244
1388,0.59959966
1389,0.86782956
1390,0.096997425
1391,0.26571348
1392,0.41458392
1393,0.44987133
1394,0.26948813
1395,0.8466686
1396,0.3732342
1397,0.55436087
1398,0.38267085
1399,0.9445239
1400,0.8799542
1401,0.30940807
1402,0.08401487
1403,0.4627395
1404,0.66228193
1405,0.4809837
1406,0.0676008
1407,0.5663712
1408,0.69665426
1409,0.66502714
1410,0.82087505
1411,0.08693165
1412,0.4859022
1413,0.80663425
1414,0.5868459
1415,0.95081496
1416,0.7646554
1417,0.8358593
1418,0.73543036
1419,0.89522445
1420,0.33217043
1421,0.47703746
1422,0.28990564
1423,0.48984843
1424,0.07863884
1425,0.080011435
1426,0.55321705
1427,0.8945954
1428,0.846783
1429,0.3408636
1430,0.29877037
1431,0.42630827
1432,0.75956535
1433,0.78541607
1434,0.94755507
1435,0.2535316
1436,0.869145
1437,0.61303973
1438,0.49465257
1439,0.019502431
1440,0.38701743
1441,0.69722617
1442,0.5877609
1443,0.19759794
1444,0.5192451
1445,0.6470117
1446,0.32067487
1447,0.3732914
1448,0.48252788
1449,0.45044324
1450,0.91421217
1451,0.7085502
1452,0.36957392
1453,0.35396054
1454,0.98827565
1455,0.51890194
1456,0.1668287
1457,0.55132973
1458,0.13645983
1459,0.66119534
1460,0.55035746
1461,0.123534456
1462,0.5396054
1463,0.92370605
1464,0.6752073
1465,0.23134115
1466,0.8117243
1467,0.10975122
1468,0.7267372
1469,0.6745782
1470,0.06462682
1471,0.25244495
1472,0.90443236
1473,0.7639119
1474,0.461996
1475,0.88144124
1476,0.9092365
1477,0.35127252
1478,0.5439519
1479,0.22996855
1480,0.70740634
1481,0.47291964
1482,0.36454102
1483,0.34732628
1484,0.991364
1485,0.44409493
1486,0.45953673
1487,0.7817558
1488,0.84684014
1489,0.39342293
1490,0.8621676
1491,0.3091793
1492,0.85118675
1493,0.3873606
1494,0.6280812
1495,0.057363454
1496,0.697169
1497,0.29665428
1498,0.5482414
1499,0.57992566
1500,0.00017157564
1501,0.88961965
1502,0.4515299
1503,0.61395484
1504,0.69379467
1505,0.3195882
1506,0.17832428
1507,0.5584215
1508,0.95670575
1509,0.080240205
1510,0.65976554
1511,0.046096653
1512,0.92221904
1513,0.9599657
1514,0.34561053
1515,0.29979983
1516,0.123534456
1517,0.9299399
1518,0.1612239
1519,0.099628255
1520,0.7647698
1521,0.6750357
1522,0.542465
1523,0.84684014
1524,0.033971976
1525,0.9898198
1526,0.51015157
1527,0.33897626
1528,0.395825
1529,0.26153848
1530,0.4634258
1531,0.71690017
1532,0.03505862
1533,0.82362026
1534,0.07698027
1535,0.5094653
1536,0.37420645
1537,0.24386618
1538,0.5034029
1539,0.040091507
1540,0.25513297
1541,0.8213326
1542,0.4585073
1543,0.5377752
1544,0.29465255
1545,0.6899628
1546,0.5740921
1547,0.5289677
1548,0.72078925
1549,0.9508722
1550,0.6220189
1551,0.5126108
1552,0.9260509
1553,0.2864741
1554,0.32576495
1555,0.38055477
1556,0.4232199
1557,0.6717186
1558,0.4274521
1559,0.31415498
1560,0.91518444
1561,0.9063197
1562,0.46159565
1563,0.37357736
1564,0.06662854
1565,0.32479268
1566,0.90471834
1567,0.5577352
1568,0.0015441807
1569,0.07063197
1570,0.71301115
1571,0.527881
1572,0.58896196
1573,0.1556191
1574,0.6549614
1575,0.11015156
1576,0.10197312
1577,0.07858164
1578,0.92010295
1579,0.12433515
1580,0.95973694
1581,0.20514727
1582,0.9833
1583,0.03837575
1584,0.15659137
1585,0.2435802
1586,0.649185
1587,0.5564198
1588,0.6509008
1589,0.88207036
1590,0.18181299
1591,0.20651987
1592,0.18930511
1593,0.15647697
1594,0.46422648
1595,0.4913926
1596,0.30883613
1597,0.72793823
1598,0.9899914
1599,0.1675722
1600,0.23854733
1601,0.82304835
1602,0.9748356
1603,0.061881613
1604,0.9262225
1605,0.114269376
1606,0.5879897
1607,0.51787245
1608,0.99965686
1609,0.8754933
1610,0.95802116
1611,0.90168715
1612,0.6507292
1613,0.28258508
1614,0.5247355
1615,0.9787818
1616,0.77878183
1617,0.08927652
1618,0.9396626
1619,0.18427223
1620,0.41812983
1621,0.5767801
1622,0.819674
1623,0.45839292
1624,0.987189
1625,0.31569916
1626,0.21298255
1627,0.2972262
1628,0.5432085
1629,0.9036317
1630,0.7909637
1631,0.82316273
1632,0.9684301
1633,0.21080926
1634,0.65038604
1635,0.23208465
1636,0.44352302
1637,0.18924792
1638,0.45124394
1639,0.85330284
1640,0.31495568
1641,0.04415213
1642,0.9950815
1643,0.1831284
1644,0.92999715
1645,0.060108665
1646,0.95241636
1647,0.3394338
1648,0.44260794
1649,0.69899917
1650,0.28721762
1651,0.87926793
1652,0.42487848
1653,0.47612238
1654,0.5865599
1655,0.823849
1656,0.80863595
1657,0.42991135
1658,0.41252503
1659,0.040148698
1660,0.53525877
1661,0.20726337
1662,0.3281098
1663,0.5973692
1664,0.46874464
1665,0.52221906
1666,0.16396911
1667,0.77128965
1668,0.9701458
1669,0.33817557
1670,0.6160137
1671,0.07663712
1672,0.8788676
1673,0.8352302
1674,0.96745783
1675,0.5414927
1676,0.020589076
1677,0.6595367
1678,0.6823563
1679,0.38135543
1680,0.058164142
1681,0.32788104
1682,0.0859594
1683,0.014812697
1684,0.15287389
1685,0.38221332
1686,0.97088933
1687,0.099571064
1688,0.7929654
1689,0.48778954
1690,0.81149554
1691,0.5490992
1692,0.4005719
1693,0.2788104
1694,0.18615957
1695,0.511181
1696,0.22058907
1697,0.8391764
1698,0.5844438
1699,0.897169
1700,0.5267372
1701,0.09276523
1702,0.87543607
1703,0.799714
1704,0.3527595
1705,0.18684587
1706,0.7907349
1707,0.07652273
1708,0.9187303
1709,0.0054904204
1710,0.4261367
1711,0.16802974
1712,0.5295968
1713,0.54332286
1714,0.5718044
1715,0.9979411
1716,0.7569345
1717,0.27400628
1718,0.30443236
1719,0.96362597
1720,0.90300256
1721,0.88687444
1722,0.13514441
1723,0.59210753
1724,0.39067772
1725,0.7945096
1726,0.42848155
1727,0.54818416
1728,0.20411782
1729,0.2837861
1730,0.46445525
1731,0.732342
1732,0.47492138
1733,0.96585643
1734,0.20165856
1735,0.40926507
1736,0.86737204
1737,0.021561338
1738,0.23414356
1739,0.1838719
1740,0.6364312
1741,0.5732914
1742,0.1780955
1743,0.57271945
1744,0.9139834
1745,0.46005148
1746,0.31701458
1747,0.25541893
1748,0.7866743
1749,0.6629683
1750,0.535602
1751,0.85519016
1752,0.44987133
1753,0.30969402
1754,0.70254505
1755,0.12730913
1756,0.8302545
1757,0.43139833
1758,0.835173
1759,0.8534744
1760,0.8364312
1761,0.530855
1762,0.4233343
1763,0.07932513
1764,0.42344868
1765,0.21567057
1766,0.48035458
1767,0.42522162
1768,0.6454675
1769,0.59559625
1770,0.5233629
1771,0.11026594
1772,0.78987706
1773,0.5083786
1774,0.976437
1775,0.321018
1776,0.41292536
1777,0.3851873
1778,0.40085787
1779,0.72439235
1780,0.94938517
1781,0.5064341
1782,0.38747498
1783,0.5909065
1784,0.20251644
1785,0.62716615
1786,0.11947384
1787,0.23534457
1788,0.02036031
1789,0.32656562
1790,0.6118959
1791,0.97506434
1792,0.8197884
1793,0.93400055
1794,0.31038034
1795,0.8444953
1796,0.7589362
1797,0.13194166
1798,0.4457535
1799,0.07148985
1800,0.69482416
1801,0.1844438
1802,0.014583929
1803,0.514155
1804,0.43259937
1805,0.7808407
1806,0.75481844
1807,0.043980554
1808,0.10220189
1809,0.28635973
1810,0.5000858
1811,0.48853302
1812,0.43122676
1813,0.72479266
1814,0.21429797
1815,0.25993708
1816,0.6444381
1817,0.2611381
1818,0.30203032
1819,0.45233056
1820,0.19342293
1821,0.78495854
1822,0.69122106
1823,0.78478694
1824,0.485845
1825,0.98352873
1826,0.32713756
1827,0.5285673
1828,0.90814984
1829,0.18078353
1830,0.9731198
1831,0.3907349
1832,0.5036317
1833,0.91810125
1834,0.50094366
1835,0.1472119
1836,0.21326852
1837,0.6199028
1838,0.36385474
1839,0.43368602
1840,0.10386045
1841,0.34480983
1842,0.22367744
1843,0.3551044
1844,0.7784387
1845,0.90803546
1846,0.31312555
1847,0.7056334
1848,0.70803547
1849,0.4346011
1850,0.14200744
1851,0.12873892
1852,0.277495
1853,0.9301115
1854,0.43059766
1855,0.23774664
1856,0.5155276
1857,0.562139
1858,0.21527024
1859,0.2951673
1860,0.5890192
1861,0.90117246
1862,0.3007721
1863,0.40051472
1864,0.85101515
1865,0.5091793
1866,0.06405491
1867,0.70311695
1868,0.07217615
1869,0.0915642
1870,0.5960538
1871,0.5205033
1872,0.41012296
1873,0.30317414
1874,0.76454103
1875,0.58650273
1876,0.11221047
1877,0.9160995
1878,0.3846154
1879,0.084987134
1880,0.65930796
1881,0.9148413
1882,0.91735774
1883,0.48178437
1884,0.76860166
1885,0.86451244
1886,0.19994281
1887,0.87921077
1888,0.66863024
1889,0.14029168
1890,0.20223048
1891,0.96391195
1892,0.8422076
1893,0.30797827
1894,0.80291677
1895,0.69482416
1896,0.31146696
1897,0.89093506
1898,0.17071776
1899,0.029911352
1900,0.09528167
1901,0.53022593
1902,0.68269944
1903,0.02287675
1904,0.330855
1905,0.10963683
1906,0.5006005
1907,0.17346297
1908,0.21847297
1909,0.77220476
1910,0.8034315
1911,0.27572206
1912,0.07486417
1913,0.030883614
1914,0.7331999
1915,0.36574206
1916,0.3569917
1917,0.6591364
1918,0.83248496
1919,0.87875324
1920,0.9015156
1921,0.033285674
1922,0.14881326
1923,0.042264797
1924,0.8302545
1925,0.89236486
1926,0.8758936
1927,0.96745783
1928,0.99102086
1929,0.79273665
1930,0.09122105
1931,0.93931943
1932,0.5305691
1933,0.51255363
1934,0.405662
1935,0.8671433
1936,0.18987703
1937,0.3866171
1938,0.60263085
1939,0.3303403
1940,0.63477266
1941,0.095110096
1942,0.759165
1943,0.764827
1944,0.71175295
1945,0.7950815
1946,0.9735774
1947,0.7457821
1948,0.17266229
1949,0.3789534
1950,0.5789534
1951,0.4259079
1952,0.7585931
1953,0.16517015
1954,0.4698313
1955,0.8249357
1956,0.43065485
1957,0.40074348
1958,0.17437804
1959,0.2788676
1960,0.6802974
1961,0.9260509
1962,0.823849
1963,0.1937089
1964,0.51930225
1965,0.81984556
1966,0.34332284
1967,0.037231915
1968,0.7542465
1969,0.62699455
1970,0.041235346
1971,0.9374893
1972,0.41441235
1973,0.41212466
1974,0.18432942
1975,0.8260223
1976,0.057763796
1977,0.7966829
1978,0.5233057
1979,0.95384616
1980,0.5498427
1981,0.40926507
1982,0.6415785
1983,0.52216184
1984,0.9118673
1985,0.35973692
1986,0.87800974
1987,0.8704604
1988,0.3500143
1989,0.8761224
1990,0.19273663
1991,0.7591078
1992,0.3176437
1993,0.8832714
1994,0.25393194
1995,0.7821561
1996,0.70529026
1997,0.45124394
1998,0.5373749
1999,0.5436088
2000,0.88910496
2001,0.4483843
2002,0.61241066
2003,0.530855
2004,0.7647698
2005,0.43688875
2006,0.012010295
2007,0.6019445
2008,0.7963397
2009,0.0018301401
2010,0.57300544
2011,0.2853875
2012,0.05873606
2013,0.88693166
2014,0.04358021
2015,0.37420645
2016,0.1182728
2017,0.5924507
2018,0.60457534
2019,0.40640548
2020,0.47800973
2021,0.21612811
2022,0.22979698
2023,0.4211038
2024,0.14383757
2025,0.76877326
2026,0.3436088
2027,0.5692308
2028,0.6355733
2029,0.12422076
2030,0.6782385
2031,0.0704032
2032,0.9018015
2033,0.39130685
2034,0.9655133
2035,0.32851017
2036,0.7183872
2037,0.6669717
2038,0.570489
2039,0.99256504
2040,0.18701744
2041,0.23500143
2042,0.16923077
2043,0.1556191
2044,0.18816128
2045,0.97449243
2046,0.03929082
2047,0.018015442
2048,0.38667428
2049,0.33480126
2050,0.7900486
2051,0.3654561
2052,0.64054906
2053,0.65942234
2054,0.73554474
2055,0.7915356
2056,0.9183872
2057,0.764827
2058,0.99113524
2059,0.3344581
2060,0.52639407
2061,0.359165
2062,0.42607948
2063,0.030483272
2064,0.9154704
2065,0.26039463
2066,0.89110667
2067,0.92370605
2068,0.15819274
2069,0.22865313
2070,0.09871318
2071,0.57014585
2072,0.92610806
2073,0.5774664
2074,0.30288818
2075,0.8352302
2076,0.9177581
2077,0.9818702
2078,0.14847012
2079,0.6567915
2080,0.8134973
2081,0.15882185
2082,0.19954246
2083,0.6029168
2084,0.8921933
2085,0.05965113
2086,0.69539607
2087,0.7703746
2088,0.95498997
2089,0.49465257
2090,0.37220475
2091,0.5367458
2092,0.8773806
2093,0.15115814
2094,0.19502431
2095,0.077780955
2096,0.5417787
2097,0.8459251
2098,0.5868459
2099,0.32627967
2100,0.08161281
2101,0.9211896
2102,0.41738632
2103,0.66497
2104,0.7528739
2105,0.8206463
2106,0.9480126
2107,0.10551902
2108,0.8952817
2109,0.012582214
2110,0.5329139
2111,0.45530453
2112,0.31844437
2113,0.21727195
2114,0.17718044
2115,0.43534458
2116,0.37740922
2117,0.7505862
2118,0.1795825
2119,0.10220189
2120,0.21218187
2121,0.637861
2122,0.7663712
2123,0.6089791
2124,0.37214756
2125,0.7975407
2126,0.25147268
2127,0.46565628
2128,0.9142694
2129,0.31449813
2130,0.9823277
2131,0.8648556
2132,0.55550474
2133,0.43751788
2134,0.42270517
2135,0.35813555
2136,0.567801
2137,0.45867887
2138,0.12542179
2139,0.38335717
2140,0.03929082
2141,0.9268516
2142,0.0061767227
2143,0.025164427
2144,0.54601085
2145,0.35024306
2146,0.6521018
2147,0.09653989
2148,0.8788104
2149,0.61538464
2150,0.5170718
2151,0.88064057
2152,0.19548184
2153,0.4984272
2154,0.516843
2155,0.5792965
2156,0.3661996
2157,0.9661424
2158,0.18610238
2159,0.37489277
2160,0.1380612
2161,0.47646555
2162,0.581813
2163,0.952016
2164,0.42213327
2165,0.7148413
2166,0.9879325
2167,0.64609665
2168,0.5493852
2169,0.9780383
2170,0.37220475
2171,0.16940235
2172,0.47503576
2173,0.5066057
2174,0.046382613
2175,0.33748928
2176,0.64495283
2177,0.93342865
2178,0.8867029
2179,0.840835
2180,0.06954532
2181,0.99336576
2182,0.51615673
2183,0.8936803
2184,0.55453247
2185,0.2675436
2186,0.39193594
2187,0.90082926
2188,0.6915642
2189,0.25896484
2190,0.41012296
2191,0.15516156
2192,0.77494997
2193,0.14429511
2194,0.11993137
2195,0.37226194
2196,0.6985988
2197,0.13205604
2198,0.1295968
2199,0.45107234
2200,0.6512439
2201,0.38209894
2202,0.10134401
2203,0.13440092
2204,0.53726053
2205,0.92382044
2206,0.5010009
2207,0.964827
2208,0.12810981
2209,0.47383472
2210,0.446497
2211,0.51930225
2212,0.9600801
2213,0.97209036
2214,0.19073492
2215,0.75607663
2216,0.64895624
2217,0.52851015
2218,0.77906775
2219,0.5374321
2220,0.7641979
2221,0.8130397
2222,0.86782956
2223,0.92279094
2224,0.6324278
2225,0.5381756
2226,0.5677438
2227,0.7175293
2228,0.6066914
2229,0.14652559
2230,0.40611953
2231,0.29808408
2232,0.41664284
2233,0.3832428
2234,0.032484986
2235,0.60617673
2236,0.8431799
2237,0.8414641
2238,0.40823564
2239,0.63202745
2240,0.46588504
2241,0.78295684
2242,0.67372036
2243,0.63334286
2244,0.5219903
2245,0.9652845
2246,0.16671433
2247,0.29385188
2248,0.9127824
2249,0.855133
2250,0.028252788
2251,0.30448955
2252,0.90100086
2253,0.21664284
2254,0.11083786
2255,0.15664856
2256,0.76802975
2257,0.9890764
2258,0.3823277
2259,0.73468685
2260,0.39965686
2261,0.574664
2262,0.48635975
2263,0.37403488
2264,0.14732628
2265,0.84889907
2266,0.8865885
2267,0.8610237
2268,0.38049757
2269,0.46119532
2270,0.52176154
2271,0.5061481
2272,0.42659423
2273,0.49242207
2274,0.8247069
2275,0.1746068
2276,0.10483272
2277,0.75813556
2278,0.94235057
2279,0.4857878
2280,0.35173005
2281,0.91289675
2282,0.5423506
2283,0.49837002
2284,0.5567058
2285,0.48041177
2286,0.411324
2287,0.7735202
2288,0.7415499
2289,0.66148126
2290,0.527881
2291,0.44129252
2292,0.8006863
2293,0.3993137
2294,0.5710609
2295,0.2007435
2296,0.11489849
2297,0.45307407
2298,0.5556763
2299,0.19239348
2300,0.6561052
2301,0.23883328
2302,0.15807836
2303,0.6121247
2304,0.5718616
2305,0.12805262
2306,0.9295968
2307,0.81023735
2308,0.23614527
2309,0.27978268
2310,0.99187875
2311,0.52233344
2312,0.8379182
2313,0.64106375
2314,0.2168716
2315,0.45610523
2316,0.9034029
2317,0.51701456
2318,0.17117529
2319,0.25238776
2320,0.14732628
2321,0.16419788
2322,0.17289105
2323,0.6269374
2324,0.6212182
2325,0.06702888
2326,0.40463254
2327,0.44947097
2328,0.3888476
2329,0.059307978
2330,0.66090935
2331,0.9077495
2332,0.30168715
2333,0.51329714
2334,0.32233343
2335,0.7503002
2336,0.26639977
2337,0.5408064
2338,0.40686303
2339,0.09282242
2340,0.89465255
2341,0.88996285
2342,0.2677152
2343,0.48698884
2344,0.065999426
2345,0.57146126
2346,0.37123248
2347,0.6689162
2348,0.15453246
2349,0.69002
2350,0.23974836
2351,0.2713183
2352,0.3935373
2353,0.9583643
2354,0.6634258
2355,0.49402344
2356,0.45822135
2357,0.35727766
2358,0.43849012
2359,0.95744926
2360,0.8550186
2361,0.20972262
2362,0.94275093
2363,0.056505576
2364,0.27143267
2365,0.7498999
2366,0.1780955
2367,0.4486703
2368,0.8204747
2369,0.7224478
2370,0.43277094
2371,0.81023735
2372,0.6140692
2373,0.33154133
2374,0.41704318
2375,0.55521876
2376,0.42407778
2377,0.1556191
2378,0.11295396
2379,0.9986846
2380,0.7102088
2381,0.54046327
2382,0.609837
2383,0.4104089
2384,0.6472405
2385,0.91301113
2386,0.49207893
2387,0.33217043
2388,0.4670289
2389,0.63751787
2390,0.49745497
2391,0.040606234
2392,0.6629683
2393,0.31038034
2394,0.44460967
2395,0.87372035
2396,0.087217614
2397,0.7966257
2398,0.2887618
2399,0.43408635
2400,0.8219617
2401,0.9619102
2402,0.34109238
2403,0.15298827
2404,0.89625394
2405,0.34967116
2406,0.75035745
2407,0.60732055
2408,0.52033174
2409,0.26662853
2410,0.8303689
2411,0.440835
2412,0.48081213
2413,0.8535316
2414,0.22087504
2415,0.35436088
2416,0.7035745
2417,0.35544753
2418,0.5490992
2419,0.28144124
2420,0.82562196
2421,0.2597655
2422,0.370489
2423,0.9500143
2424,0.009322276
2425,0.22688018
2426,0.43477267
2427,0.5331427
2428,0.81235343
2429,0.35527596
2430,0.747555
2431,0.3274235
2432,0.4205319
2433,0.9872462
2434,0.36945954
2435,0.8640549
2436,0.09585359
2437,0.09167858
2438,0.10654847
2439,0.9120961
2440,0.6296826
2441,0.39330855
2442,0.59428084
2443,0.8952817
2444,0.6175007
2445,0.43002573
2446,0.0697169
2447,0.29310837
2448,0.23923363
2449,0.21504146
2450,0.02922505
2451,0.88693166
2452,0.1063197
2453,0.57357734
2454,0.5576208
2455,0.81727195
2456,0.4754361
2457,0.13457249
2458,0.07732342
2459,0.18495853
2460,0.27006006
2461,0.8169288
2462,0.70529026
2463,0.13119817
2464,0.59942806
2465,0.42190447
2466,0.48790392
2467,0.24735488
2468,0.4965399
2469,0.99205035
2470,0.25856447
2471,0.65599084
2472,0.7519016
2473,0.9329139
2474,0.6099514
2475,0.6965971
2476,0.08407206
2477,0.5120961
2478,0.7683157
2479,0.042436372
2480,0.3738633
2481,0.3182156
2482,0.7181012
2483,0.27023163
2484,0.31438375
2485,0.044666857
2486,0.31987417
2487,0.10260223
2488,0.0725193
2489,0.2436374
2490,0.56539893
2491,0.007549328
2492,0.53525877
2493,0.4674864
2494,0.4788104
2495,0.44809836
2496,0.30008578
2497,0.33062625
2498,0.6711467
2499,0.977352
2500,0.15653417
2501,0.6392908
2502,0.41286817
2503,0.1492708
2504,0.5825565
2505,0.3950243
2506,0.6790392
2507,0.31615672
2508,0.74463826
2509,0.99159276
2510,0.31249642
2511,0.40897912
2512,0.4380326
2513,0.5282242
2514,0.5288533
2515,0.67783815
2516,0.5843866
2517,0.40257365
2518,0.9766085
2519,0.80160135
2520,0.6436946
2521,0.10225908
2522,0.69899917
2523,0.642322
2524,0.8005147
2525,0.6825279
2526,0.35956535
2527,0.54549617
2528,0.14681156
2529,0.07177581
2530,0.504032
2531,0.364827
2532,0.4344295
2533,0.9358307
2534,0.16854447
2535,0.1965113
2536,0.2901916
2537,0.46805835
2538,0.6406062
2539,0.5049471
2540,0.64066344
2541,0.87989706
2542,0.34412354
2543,0.6253932
2544,0.37008864
2545,0.51301116
2546,0.4105233
2547,0.9007149
2548,0.058049757
2549,0.8952817
2550,0.5315985
2551,0.07469259
2552,0.46811554
2553,0.35453245
2554,0.52650845
2555,0.23334287
2556,0.45467544
2557,0.18530169
2558,0.83465827
2559,0.633972
2560,0.2591364
2561,0.5897626
2562,0.22064626
2563,0.19633973
2564,0.8810981
2565,0.08681727
2566,0.6662854
2567,0.71444094
2568,0.13279954
2569,0.6052616
2570,0.4275665
2571,0.6416929
2572,0.763626
2573,0.1415499
2574,0.959165
2575,0.29619673
2576,0.36728624
2577,0.39531025
2578,0.8463254
2579,0.4337432
2580,0.111009434
2581,0.5937089
2582,0.82201886
2583,0.22865313
2584,0.73714614
2585,0.82848155
2586,0.37311983
2587,0.67194736
2588,0.30814984
2589,0.10134401
2590,0.3726051
2591,0.30689162
2592,0.13777524
2593,0.6512439
2594,0.24175008
2595,0.7950815
2596,0.5918788
2597,0.5108951
2598,0.6478696
2599,0.9472119
2600,0.619674
2601,0.11432657
2602,0.93645984
2603,0.099971406
2604,0.15927938
2605,0.13016872
2606,0.7062625
2607,0.18415785
2608,0.14881326
2609,0.9536174
2610,0.8056048
2611,0.7457821
2612,0.42916787
2613,0.9223334
2614,0.18839005
2615,0.078352876
2616,0.50597656
2617,0.6526165
2618,0.5870174
2619,0.14641121
2620,0.45267373
2621,0.29179296
2622,0.34669718
2623,0.736231
2624,0.4632542
2625,0.25936517
2626,0.6839005
2627,0.8625679
2628,0.36356878
2629,0.5867315
2630,0.2295682
2631,0.072919644
2632,0.7921647
2633,0.92484987
2634,0.43414354
2635,0.79130685
2636,0.8062911
2637,0.85822135
2638,0.8167572
2639,0.6189305
2640,0.33405778
2641,0.31558478
2642,0.2980269
2643,0.50734913
2644,0.46302545
2645,0.070803545
2646,0.4590792
2647,0.47274807
2648,0.44426653
2649,0.9592222
2650,0.8484987
2651,0.48773235
2652,0.3795825
2653,0.5528167
2654,0.47846726
2655,0.5301687
2656,0.4290535
2657,0.5042608
2658,0.77849585
2659,0.53440094
2660,0.30443236
2661,0.43957677
2662,0.35659137
2663,0.8076065
2664,0.9301687
2665,0.5533886
2666,0.43757507
2667,0.63259935
2668,0.36030883
2669,0.65044326
2670,0.75967973
2671,0.89568204
2672,0.48401487
2673,0.17615099
2674,0.4788676
2675,0.044209324
2676,0.9364026
2677,0.56654274
2678,0.30168715
2679,0.88979125
2680,0.6112668
2681,0.04598227
2682,0.08767515
2683,0.47360596
2684,0.22922505
2685,0.4176151
2686,0.23197027
2687,0.27206177
2688,0.582728
2689,0.09808407
2690,0.7831284
2691,0.79187876
2692,0.3747784
2693,0.76528454
2694,0.14572491
2695,0.6241922
2696,0.44146413
2697,0.8885902
2698,0.12027452
2699,0.89196455
2700,0.13302831
2701,0.68218476
2702,0.34406635
2703,0.9535602
2704,0.08899056
2705,0.5654561
2706,0.70597655
2707,0.9688304
2708,0.9268516
2709,0.5706034
2710,0.20509008
2711,0.28853303
2712,0.10488991
2713,0.7741493
2714,0.33405778
2715,0.6040034
2716,0.7353732
2717,0.12044609
2718,0.08670289
2719,0.24838433
2720,0.15298827
2721,0.99445236
2722,0.3302259
2723,0.06148127
2724,0.98066914
2725,0.2963111
2726,0.68847585
2727,0.6173291
2728,0.8216757
2729,0.53628826
2730,0.15716328
2731,0.7780955
2732,0.2583357
2733,0.5071204
2734,0.48847583
2735,0.7805548
2736,0.41921648
2737,0.66651416
2738,0.22167572
2739,0.8045753
2740,0.7869031
2741,0.5842722
2742,0.89053476
2743,0.5664856
2744,0.14526737
2745,0.65599084
2746,0.18747498
2747,0.45782098
2748,0.42373464
2749,0.18936232
2750,0.19210751
2751,0.16705748
2752,0.99302256
2753,0.4472405
2754,0.6292251
2755,0.082585074
2756,0.791364
2757,0.52936804
2758,0.73903346
2759,0.5768373
2760,0.89694023
2761,0.45221618
2762,0.4872176
2763,0.51833
2764,0.6054332
2765,0.6066914
2766,0.03225622
2767,0.24912782
2768,0.1661996
2769,0.74000573
2770,0.21281098
2771,0.8407206
2772,0.27846727
2773,0.15882185
2774,0.9665427
2775,0.13657421
2776,0.14183585
2777,0.45942235
2778,0.19490992
2779,0.59170717
2780,0.8965971
2781,0.36820132
2782,0.43254218
2783,0.6325422
2784,0.2435802
2785,0.12444953
2786,0.8361453
2787,0.8183014
2788,0.64255077
2789,0.34938517
2790,0.030826423
2791,0.26725766
2792,0.14589648
2793,0.7929082
2794,0.95659137
2795,0.1401201
2796,0.39382327
2797,0.260509
2798,0.27423507
2799,0.78781813
2800,0.10151558
2801,0.16865885
2802,0.5255362
2803,0.53697455
2804,0.7277095
2805,0.09922791
2806,0.20571919
2807,0.24449529
2808,0.57557905
2809,0.8266514
2810,0.5374321
2811,0.51375467
2812,0.34652558
2813,0.7812983
2814,0.715356
2815,0.9876466
2816,0.37157562
2817,0.74332285
2818,0.9199886
2819,0.5160423
2820,0.9311982
2821,0.18747498
2822,0.04197884
2823,0.7860452
2824,0.3471547
2825,0.22081785
2826,0.8535316
2827,0.35052902
2828,0.6704604
2829,0.4062339
2830,0.38427225
2831,0.93142694
2832,0.35447526
2833,0.17906778
2834,0.2732056
2835,0.5758078
2836,0.88161284
2837,0.15682013
2838,0.1422934
2839,0.2690878
2840,0.52090365
2841,0.6747498
2842,0.8390049
2843,0.60394627
2844,0.21544181
2845,0.34320846
2846,0.5106663
2847,0.07715184
2848,0.1887332
2849,0.43134114
2850,0.14177866
2851,0.61018014
2852,0.53348583
2853,0.5843294
2854,0.79456675
2855,0.15664856
2856,0.041292537
2857,0.89796966
2858,0.28973407
2859,0.9707177
2860,0.56517017
2861,0.878982
2862,0.32033172
2863,0.91032314
2864,0.23534457
2865,0.97237635
2866,0.88721764
2867,0.39416644
2868,0.8283672
2869,0.45238775
2870,0.138004
2871,0.6641693
2872,0.1345153
2873,0.21018015
2874,0.41732913
2875,0.16076638
2876,0.4809837
2877,0.7555619
2878,0.86594224
2879,0.47583643
2880,0.5412068
2881,0.87698025
2882,0.21292536
2883,0.52033174
2884,0.16030884
2885,0.6711467
2886,0.8657135
2887,0.27297685
2888,0.070689164
2889,0.1810695
2890,0.17861024
2891,0.8887046
2892,0.89390904
2893,0.87006
2894,0.30591935
2895,0.7202745
2896,0.9651129
2897,0.48853302
2898,0.39267945
2899,0.35384616
2900,0.12382042
2901,0.854847
2902,0.8041178
2903,0.4338576
2904,0.09385187
2905,0.16471261
2906,0.0204175
2907,0.47166142
2908,0.8570203
2909,0.58781815
2910,0.61538464
2911,0.16774379
2912,0.17008865
2913,0.16385473
2914,0.597312
2915,0.29734057
2916,0.30660567
2917,0.8208178
2918,0.6901344
2919,0.50162995
2920,0.9244495
2921,0.15361738
2922,0.11661424
2923,0.725479
2924,0.9472119
2925,0.3027738
2926,0.57546467
2927,0.4140692
2928,0.3599085
2929,0.35121533
2930,0.5372033
2931,0.9780383
2932,0.3542465
2933,0.4245353
2934,0.635173
2935,0.1986274
2936,0.56517017
2937,0.92427796
2938,0.794624
2939,0.7655133
2940,0.33783242
2941,0.23734629
2942,0.6414641
2943,0.7883329
2944,0.60171574
2945,0.8532456
2946,0.4422648
2947,0.027280526
2948,0.40085787
2949,0.27480698
2950,0.80308837
2951,0.36419788
2952,0.49459538
2953,0.63145554
2954,0.573177
2955,0.9424078
2956,0.36865884
2957,0.74263656
2958,0.5476694
2959,0.39982843
2960,0.08950529
2961,0.47921076
2962,0.07646554
2963,0.40789247
2964,0.73514444
2965,0.364827
2966,0.5937661
2967,0.0690306
2968,0.98415786
2969,0.17666571
2970,0.4315127
2971,0.17271948
2972,0.3238204
2973,0.6125822
2974,0.90157276
2975,0.37209037
2976,0.18650271
2977,0.06577066
2978,0.7096368
2979,0.6447241
2980,0.111867316
2981,0.17197599
2982,0.35121533
2983,0.6300829
2984,0.13268515
2985,0.55087215
2986,0.8653131
2987,0.79044896
2988,0.54172146
2989,0.1310266
2990,0.35807836
2991,0.4387761
2992,0.3521876
2993,0.96288246
2994,0.8156134
2995,0.9267372
2996,0.2865885
2997,0.7590506
2998,0.90511864
2999,0.8802974
3000,0.5738061
3001,0.17763798
3002,0.84975696
3003,0.56156707
3004,0.9557907
3005,0.34881327
3006,0.11930226
3007,0.6925365
3008,0.67915356
3009,0.28167
3010,0.60171574
3011,0.23574492
3012,0.64106375
3013,0.6325422
3014,0.9360595
3015,0.27452102
3016,0.5590506
3017,0.37169
3018,0.2838433
3019,0.8443237
3020,0.32301974
3021,0.32942522
3022,0.9057478
3023,0.9198742
3024,0.6412925
3025,0.526966
3026,0.8606806
3027,0.16213897
3028,0.8671433
3029,0.24672577
3030,0.49253646
3031,0.18221332
3032,0.58410066
3033,0.87143266
3034,0.6299685
3035,0.24741207
3036,0.70380324
3037,0.8416357
3038,0.55596226
3039,0.87915355
3040,0.67154706
3041,0.05055762
3042,0.4839005
3043,0.116671436
3044,0.5571061
3045,0.4655991
3046,0.6062911
3047,0.8172147
3048,0.81641406
3049,0.43751788
3050,0.44969973
3051,0.5162711
3052,0.1408636
3053,0.6180726
3054,0.6754933
3055,0.41704318
3056,0.26725766
3057,0.020589076
3058,0.79542464
3059,0.47097513
3060,0.8991707
3061,0.5875894
3062,0.44598228
3063,0.8631398
3064,0.45787817
3065,0.952016
3066,0.58221334
3067,0.7859308
3068,0.39376608
3069,0.057020303
3070,0.09287961
3071,0.24832714
3072,0.9751787
3073,0.8037175
3074,0.27309123
3075,0.121189594
3076,0.67898196
3077,0.8895625
3078,0.7423506
3079,0.6415785
3080,0.642322
3081,0.7095224
3082,0.53726053
3083,0.09110666
3084,0.14360881
3085,0.8430083
3086,0.53686017
3087,0.61801547
3088,0.7318845
3089,0.35722047
3090,0.22058907
3091,0.54744065
3092,0.9337718
3093,0.5937089
3094,0.65473264
3095,0.055819273
3096,0.09419502
3097,0.31707177
3098,0.90820706
3099,0.93274236
3100,0.6935659
3101,0.85215896
3102,0.82790965
3103,0.55235916
3104,0.1747212
3105,0.10220189
3106,0.8973406
3107,0.466171
3108,0.84758365
3109,0.8956248
3110,0.17054619
3111,0.53623104
3112,0.89310837
3113,0.59799826
3114,0.74824136
3115,0.8204175
3116,0.028767515
3117,0.8741779
3118,0.12170432
3119,0.8285388
3120,0.58839005
3121,0.66176724
3122,0.4605662
3123,0.29448098
3124,0.19937089
3125,0.9170146
3126,0.77128965
3127,0.27017444
3128,0.6203603
3129,0.5634544
3130,0.71850157
3131,0.28841865
3132,0.03957678
3133,0.16734344
3134,0.009551044
3135,0.6345439
3136,0.47240493
3137,0.39605376
3138,0.2681727
3139,0.7264512
3140,0.9259365
3141,0.556191
3142,0.02287675
3143,0.044666857
3144,0.93531597
3145,0.7275951
3146,0.7170146
3147,0.21275379
3148,0.18152702
3149,0.11449814
3150,0.3507006
3151,0.41349727
3152,0.342179
3153,0.9840435
3154,0.7247355
3155,0.8222476
3156,0.35298827
3157,0.48744637
3158,0.014412354
3159,0.64180726
3160,0.626823
3161,0.042436372
3162,0.5213612
3163,0.18221332
3164,0.81875896
3165,0.51226765
3166,0.429511
3167,0.8838433
3168,0.24203603
3169,0.2768659
3170,0.60977983
3171,0.68041176
3172,0.55321705
3173,0.17861024
3174,0.8273949
3175,0.07206177
3176,0.40657708
3177,0.3915356
3178,0.32702315
3179,0.5853017
3180,0.79588217
3181,0.9820418
3182,0.5248499
3183,0.45610523
3184,0.4866457
3185,0.69465256
3186,0.6585073
3187,0.14492422
3188,0.12765227
3189,0.26422647
3190,0.47652274
3191,0.7050043
3192,0.3620246
3193,0.36419788
3194,0.28618816
3195,0.79616815
3196,0.1303403
3197,0.47943953
3198,0.03957678
3199,0.46142408
3200,0.68990564
3201,0.068058334
3202,0.71358305
3203,0.11049471
3204,0.08956248
3205,0.61664283
3206,0.35373178
3207,0.45370317
3208,0.20663425
3209,0.40863597
3210,0.2937375
3211,0.47692308
3212,0.42184728
3213,0.7395482
3214,0.2753217
3215,0.48006862
3216,0.2457535
3217,0.6362597
3218,0.4576494
3219,0.6384329
3220,0.7102088
3221,0.36448383
3222,0.24380898
3223,0.19639692
3224,0.8529025
3225,0.92971116
3226,0.8235059
3227,0.20308836
3228,0.32713756
3229,0.49739778
3230,0.53342867
3231,0.34480983
3232,0.08824707
3233,0.09745496
3234,0.7170718
3235,0.2824707
3236,0.6283672
3237,0.44569632
3238,0.23631684
3239,0.661996
3240,0.19250786
3241,0.8904204
3242,0.4141836
3243,0.80549043
3244,0.40474692
3245,0.17998284
3246,0.12061767
3247,0.61721474
3248,0.7219903
3249,0.29104948
3250,0.23711753
3251,0.21881613
3252,0.41023734
3253,0.860509
3254,0.977352
3255,0.32004574
3256,0.629511
3257,0.75235915
3258,0.036945954
3259,0.9119245
3260,0.4301401
3261,0.25456107
3262,0.113697454
3263,0.09665427
3264,0.054046325
3265,0.7239348
3266,0.4203031
3267,0.4978553
3268,0.8707464
3269,0.25536174
3270,0.087846726
3271,0.91661423
3272,0.0012582213
3273,0.44009152
3274,0.9791822
3275,0.5238776
3276,0.7843294
3277,0.88435805
3278,0.48212755
3279,0.7394338
3280,0.7953675
3281,0.9162711
3282,0.79388046
3283,0.46010867
3284,0.62281954
3285,0.85456103
3286,0.9525879
3287,0.11993137
3288,0.0028595938
3289,0.12056048
3290,0.25227338
3291,0.21486989
3292,0.8704604
3293,0.48275664
3294,0.70111525
3295,0.20806405
3296,0.55321705
3297,0.23826137
3298,0.9102659
3299,0.9136975
3300,0.72250503
3301,0.5640263
3302,0.3527595
3303,0.12599371
3304,0.3851301
3305,0.34732628
3306,0.085101515
3307,0.9304547
3308,0.54338
3309,0.45267373
3310,0.3027166
3311,0.23837575
3312,0.12730913
3313,0.42693737
3314,0.19113526
3315,0.24169289
3316,0.12650843
3317,0.61464113
3318,0.6983128
3319,0.61641407
3320,0.9040892
3321,0.02985416
3322,0.495682
3323,0.5462396
3324,0.6379754
3325,0.9365742
3326,0.96002287
3327,0.8947669
3328,0.8985988
3329,0.511181
3330,0.38718903
3331,0.27497855
3332,0.9956534
3333,0.8611953
3334,0.68933374
3335,0.5357735
3336,0.90820706
3337,0.8021161
3338,0.27846727
3339,0.23425794
3340,0.8384901
3341,0.40543324
3342,0.8882471
3343,0.61710036
3344,0.58267087
3345,0.1310266
3346,0.84541035
3347,0.96591365
3348,0.15110095
3349,0.86594224
3350,0.28630254
3351,0.9572205
3352,0.80812126
3353,0.046382613
3354,0.24695453
3355,0.2993423
3356,0.64106375
3357,0.07863884
3358,0.7585931
3359,0.23545897
3360,0.6934515
3361,0.6097226
3362,0.38953388
3363,0.6023449
3364,0.8547898
3365,0.85130113
3366,0.39816985
3367,0.7684873
3368,0.6204747
3369,0.6645696
3370,0.456334
3371,0.362139
3372,0.7680869
3373,0.9679726
3374,0.8911638
3375,0.44460967
3376,0.2851015
3377,0.84094936
3378,0.14103517
3379,0.10197312
3380,0.8196168
3381,0.6712039
3382,0.07909637
3383,0.021332571
3384,0.45804974
3385,0.82773805
3386,0.48533028
3387,0.4732628
3388,0.6987132
3389,0.18718901
3390,0.7321704
3391,0.085158706
3392,0.5357735
3393,0.8014298
3394,0.30666286
3395,0.48778954
3396,0.43837574
3397,0.28435802
3398,0.89837
3399,0.31466973
3400,0.8549042
3401,0.1513869
3402,0.76185304
3403,0.27766657
3404,0.96213895
3405,0.774664
3406,0.35584787
3407,0.795825
3408,0.22693737
3409,0.6291107
3410,0.19348012
3411,0.9257649
3412,0.80091506
3413,0.3429797
3414,0.3782099
3415,0.19633973
3416,0.55407494
3417,0.822362
3418,0.28470117
3419,0.17174721
3420,0.21326852
3421,0.7469831
3422,0.24964255
3423,0.4809837
3424,0.25736347
3425,0.29413784
3426,0.22047469
3427,0.1197026
3428,0.57935375
3429,0.8987704
3430,0.55121535
3431,0.4149843
3432,0.17523591
3433,0.78341436
3434,0.29082072
3435,0.61664283
3436,0.8879611
3437,0.2331141
3438,0.20743494
3439,0.8080069
3440,0.67291963
3441,0.9048899
3442,0.5450958
3443,0.9517301
3444,0.049242206
3445,0.9285101
3446,0.4851587
3447,0.85679156
3448,0.7422934
3449,0.8044038
3450,0.77071774
3451,0.44947097
3452,0.5765513
3453,0.32061768
3454,0.028538747
3455,0.6513011
3456,0.60394627
3457,0.050957963
3458,0.3140978
3459,0.1719188
3460,0.30855018
3461,0.62487847
3462,0.43494424
3463,0.76070917
3464,0.90414643
3465,0.9615099
3466,0.6038318
3467,0.6885902
3468,0.06468402
3469,0.4534172
3470,0.5790106
3471,0.35870746
3472,0.96013725
3473,0.41578496
3474,0.19450958
3475,0.13726051
3476,0.5336002
3477,0.014869888
3478,0.0514155
3479,0.14092079
3480,0.8952817
3481,0.1035173
3482,0.27017444
3483,0.92050326
3484,0.3514441
3485,0.39542466
3486,0.6991707
3487,0.37100372
3488,0.25547612
3489,0.009951387
3490,0.8519302
3491,0.47652274
3492,0.8022877
3493,0.9540177
3494,0.52404916
3495,0.92221904
3496,0.64552474
3497,0.01921647
